Thomas,Williams,United States,2003-02-04T00:00:00.0000000
Edward,Williams,United States,2005-06-05T00:00:00.0000000
Charles,Johnson,Poland,1997-04-11T00:00:00.0000000
James,Jones,France,2008-07-11T00:00:00.0000000
Robert,Jones,China,2008-06-02T00:00:00.0000000
John,Taylor,France,2004-06-06T00:00:00.0000000
Harry,Walker,Germany,2008-01-15T00:00:00.0000000
Edward,Roberts,Poland,1985-01-02T00:00:00.0000000
Robert,Jones,Poland,1988-09-08T00:00:00.0000000
Frank,Walker,France,2001-06-02T00:00:00.0000000
Charles,Smith,Russia,1987-01-10T00:00:00.0000000
Harry,Evans,Great Britain,1982-06-01T00:00:00.0000000
John,Smith,Poland,1997-01-23T00:00:00.0000000
Arthur,Evans,Germany,2002-01-25T00:00:00.0000000
William,Evans,Russia,2001-01-11T00:00:00.0000000
Walter,Roberts,Russia,1998-05-09T00:00:00.0000000
George,Walker,United States,1980-10-26T00:00:00.0000000
Edward,Jones,Poland,1983-05-09T00:00:00.0000000
Arthur,Wright,France,1987-07-14T00:00:00.0000000
Arthur,Roberts,Poland,2005-04-15T00:00:00.0000000
Charles,Taylor,Poland,1992-11-01T00:00:00.0000000
William,Thompson,Poland,1987-07-12T00:00:00.0000000
Edward,Wright,Poland,1983-04-09T00:00:00.0000000
Charles,Thompson,Russia,1981-10-25T00:00:00.0000000
Henry,Williams,Germany,1989-06-18T00:00:00.0000000
Arthur,Thompson,Russia,1986-01-07T00:00:00.0000000
George,Johnson,Great Britain,1984-10-06T00:00:00.0000000
Frank,Robinson,Great Britain,2004-02-17T00:00:00.0000000
Thomas,Thompson,Russia,1992-11-13T00:00:00.0000000
James,Thompson,Russia,1984-02-01T00:00:00.0000000
William,Robinson,China,1994-07-11T00:00:00.0000000
Thomas,Roberts,China,2011-02-10T00:00:00.0000000
George,Johnson,Russia,2008-09-08T00:00:00.0000000
James,Taylor,United States,1988-10-18T00:00:00.0000000
Frank,Wright,China,2009-08-03T00:00:00.0000000
Joseph,Robinson,China,2007-11-26T00:00:00.0000000
Henry,Johnson,France,1985-07-06T00:00:00.0000000
Thomas,Walker,United States,1983-09-10T00:00:00.0000000
James,Thompson,Poland,1998-09-16T00:00:00.0000000
James,Taylor,United States,1981-03-09T00:00:00.0000000
Joseph,Wright,France,2010-06-10T00:00:00.0000000
George,Williams,China,2014-04-24T00:00:00.0000000
